artist,title,reason,timestamp
frank ocean,nights,Search request failed,1754268792.7733483
isaiah rashad,west savannah (feat. sza),Search request failed,1754268792.7733483
sampha,without,Search request failed,1754268792.774349
kanye west,no more parties in la,Search request failed,1754268792.774349
kids see ghosts,reborn,Search request failed,1754268792.7753499
kendrick lamar,money trees,Search request failed,1754268792.7753499
jid,stars (feat. yasiin bey),Search request failed,1754268792.7763495
denzel curry,melt session #1 [feat. robert glasper],Search request failed,1754268792.7763495
baby keem,16,Search request failed,1754268792.7773495
travis scott,skeletons,Search request failed,1754268792.7773495
baby keem,scars,Search request failed,1754268792.7782056
denzel curry,sirens | z1renz [feat. j.i.d | j.1.d],Search request failed,1754268792.7782056
denzel curry,wish feat. kiddo marv,Search request failed,1754268792.7792017
frank ocean,ivy,Search request failed,1754268792.7792017
jid,sistanem,Search request failed,1754268792.7802007
baby keem,honest,Search request failed,1754268792.7802007
denzel curry,"ain't no way [feat. 6lack, rico nasty, j.i.d, jasiah, kitty ca$h]",Search request failed,1754268792.7812011
kendrick lamar,father time (feat. sampha),Search request failed,1754268792.7812011
radiohead,all i need,Search request failed,1754268792.7822015
